ID,Predicted labels
MAL_0001,business
MAL_0002,sports
MAL_0003,entertainment
MAL_0004,entertainment
MAL_0005,sports
MAL_0006,business
MAL_0007,entertainment
MAL_0008,business
MAL_0009,sports
MAL_0010,sports
MAL_0011,entertainment
MAL_0012,entertainment
MAL_0013,entertainment
MAL_0014,sports
MAL_0015,sports
MAL_0016,entertainment
MAL_0017,sports
MAL_0018,business
MAL_0019,entertainment
MAL_0020,sports
MAL_0021,entertainment
MAL_0022,sports
MAL_0023,business
MAL_0024,entertainment
MAL_0025,business
MAL_0026,entertainment
MAL_0027,sports
MAL_0028,business
MAL_0029,sports
MAL_0030,sports
MAL_0031,business
MAL_0032,business
MAL_0033,sports
MAL_0034,business
MAL_0035,entertainment
MAL_0036,entertainment
MAL_0037,entertainment
MAL_0038,entertainment
MAL_0039,entertainment
MAL_0040,entertainment
MAL_0041,sports
MAL_0042,sports
MAL_0043,business
MAL_0044,business
MAL_0045,entertainment
MAL_0046,entertainment
MAL_0047,sports
MAL_0048,sports
MAL_0049,entertainment
MAL_0050,sports
MAL_0051,entertainment
MAL_0052,business
MAL_0053,entertainment
MAL_0054,business
MAL_0055,sports
MAL_0056,entertainment
MAL_0057,business
MAL_0058,business
MAL_0059,sports
MAL_0060,sports
MAL_0061,business
MAL_0062,entertainment
MAL_0063,entertainment
MAL_0064,business
MAL_0065,business
MAL_0066,entertainment
MAL_0067,sports
MAL_0068,entertainment
MAL_0069,business
MAL_0070,entertainment
MAL_0071,sports
MAL_0072,business
MAL_0073,entertainment
MAL_0074,entertainment
MAL_0075,sports
MAL_0076,business
MAL_0077,entertainment
MAL_0078,sports
MAL_0079,business
MAL_0080,sports
MAL_0081,business
MAL_0082,sports
MAL_0083,sports
MAL_0084,business
MAL_0085,sports
MAL_0086,sports
MAL_0087,sports
MAL_0088,sports
MAL_0089,business
MAL_0090,sports
MAL_0091,entertainment
MAL_0092,entertainment
MAL_0093,sports
MAL_0094,entertainment
MAL_0095,sports
MAL_0096,sports
MAL_0097,business
MAL_0098,business
MAL_0099,business
MAL_0100,business
MAL_0101,business
MAL_0102,entertainment
MAL_0103,business
MAL_0104,business
MAL_0105,sports
MAL_0106,entertainment
MAL_0107,sports
MAL_0108,entertainment
MAL_0109,sports
MAL_0110,sports
MAL_0111,entertainment
MAL_0112,business
MAL_0113,entertainment
MAL_0114,sports
MAL_0115,sports
MAL_0116,sports
MAL_0117,entertainment
MAL_0118,entertainment
MAL_0119,sports
MAL_0120,sports
MAL_0121,entertainment
MAL_0122,sports
MAL_0123,business
MAL_0124,business
MAL_0125,entertainment
MAL_0126,sports
MAL_0127,business
MAL_0128,sports
MAL_0129,sports
MAL_0130,sports
MAL_0131,entertainment
MAL_0132,entertainment
MAL_0133,business
MAL_0134,business
MAL_0135,entertainment
MAL_0136,sports
MAL_0137,business
MAL_0138,entertainment
MAL_0139,entertainment
MAL_0140,business
MAL_0141,business
MAL_0142,business
MAL_0143,sports
MAL_0144,entertainment
MAL_0145,entertainment
MAL_0146,sports
MAL_0147,entertainment
MAL_0148,entertainment
MAL_0149,sports
MAL_0150,sports
MAL_0151,sports
MAL_0152,entertainment
MAL_0153,sports
MAL_0154,sports
MAL_0155,sports
MAL_0156,sports
MAL_0157,sports
MAL_0158,entertainment
MAL_0159,sports
MAL_0160,sports
MAL_0161,entertainment
MAL_0162,sports
MAL_0163,sports
MAL_0164,sports
MAL_0165,entertainment
MAL_0166,entertainment
MAL_0167,sports
MAL_0168,entertainment
MAL_0169,entertainment
MAL_0170,sports
MAL_0171,business
MAL_0172,sports
MAL_0173,sports
MAL_0174,sports
MAL_0175,sports
MAL_0176,business
MAL_0177,sports
MAL_0178,entertainment
MAL_0179,entertainment
MAL_0180,entertainment
MAL_0181,sports
MAL_0182,sports
MAL_0183,entertainment
MAL_0184,sports
MAL_0185,entertainment
MAL_0186,sports
MAL_0187,sports
MAL_0188,entertainment
MAL_0189,entertainment
MAL_0190,business
MAL_0191,entertainment
MAL_0192,entertainment
MAL_0193,business
MAL_0194,sports
MAL_0195,business
MAL_0196,sports
MAL_0197,sports
MAL_0198,business
MAL_0199,sports
MAL_0200,entertainment
MAL_0201,business
MAL_0202,entertainment
MAL_0203,entertainment
MAL_0204,sports
MAL_0205,business
MAL_0206,sports
MAL_0207,business
MAL_0208,entertainment
MAL_0209,sports
MAL_0210,sports
MAL_0211,business
MAL_0212,business
MAL_0213,entertainment
MAL_0214,sports
MAL_0215,business
MAL_0216,entertainment
MAL_0217,sports
MAL_0218,entertainment
MAL_0219,business
MAL_0220,sports
MAL_0221,business
MAL_0222,entertainment
MAL_0223,sports
MAL_0224,sports
MAL_0225,business
MAL_0226,sports
MAL_0227,sports
MAL_0228,business
MAL_0229,business
MAL_0230,business
MAL_0231,sports
MAL_0232,entertainment
MAL_0233,business
MAL_0234,sports
MAL_0235,sports
MAL_0236,sports
MAL_0237,business
MAL_0238,entertainment
MAL_0239,sports
MAL_0240,entertainment
MAL_0241,business
MAL_0242,business
MAL_0243,sports
MAL_0244,business
MAL_0245,entertainment
MAL_0246,entertainment
MAL_0247,sports
MAL_0248,sports
MAL_0249,sports
MAL_0250,entertainment
MAL_0251,sports
MAL_0252,sports
MAL_0253,business
MAL_0254,business
MAL_0255,entertainment
MAL_0256,sports
MAL_0257,business
MAL_0258,business
MAL_0259,business
MAL_0260,entertainment
MAL_0261,sports
MAL_0262,business
MAL_0263,business
MAL_0264,entertainment
MAL_0265,entertainment
MAL_0266,entertainment
MAL_0267,business
MAL_0268,entertainment
MAL_0269,sports
MAL_0270,entertainment
MAL_0271,entertainment
MAL_0272,entertainment
MAL_0273,sports
MAL_0274,entertainment
MAL_0275,sports
MAL_0276,business
MAL_0277,entertainment
MAL_0278,entertainment
MAL_0279,business
MAL_0280,sports
MAL_0281,business
MAL_0282,sports
MAL_0283,entertainment
MAL_0284,sports
MAL_0285,sports
MAL_0286,entertainment
MAL_0287,sports
MAL_0288,sports
MAL_0289,sports
MAL_0290,entertainment
MAL_0291,sports
MAL_0292,entertainment
MAL_0293,business
MAL_0294,entertainment
MAL_0295,entertainment
MAL_0296,business
MAL_0297,business
MAL_0298,entertainment
MAL_0299,business
MAL_0300,entertainment
MAL_0301,entertainment
MAL_0302,sports
MAL_0303,sports
MAL_0304,sports
MAL_0305,sports
MAL_0306,entertainment
MAL_0307,business
MAL_0308,entertainment
MAL_0309,entertainment
MAL_0310,business
MAL_0311,entertainment
MAL_0312,sports
MAL_0313,entertainment
MAL_0314,sports
MAL_0315,entertainment
MAL_0316,entertainment
MAL_0317,entertainment
MAL_0318,business
MAL_0319,sports
MAL_0320,entertainment
MAL_0321,entertainment
MAL_0322,business
MAL_0323,business
MAL_0324,sports
MAL_0325,sports
MAL_0326,entertainment
MAL_0327,sports
MAL_0328,entertainment
MAL_0329,sports
MAL_0330,entertainment
MAL_0331,business
MAL_0332,sports
MAL_0333,sports
MAL_0334,business
MAL_0335,entertainment
MAL_0336,business
MAL_0337,business
MAL_0338,sports
MAL_0339,entertainment
MAL_0340,sports
MAL_0341,entertainment
MAL_0342,business
MAL_0343,sports
MAL_0344,entertainment
MAL_0345,business
MAL_0346,business
MAL_0347,sports
MAL_0348,business
MAL_0349,entertainment
MAL_0350,entertainment
MAL_0351,sports
MAL_0352,sports
MAL_0353,entertainment
MAL_0354,business
MAL_0355,sports
MAL_0356,sports
MAL_0357,business
MAL_0358,business
MAL_0359,entertainment
MAL_0360,business
MAL_0361,sports
MAL_0362,sports
MAL_0363,business
MAL_0364,entertainment
MAL_0365,entertainment
MAL_0366,entertainment
MAL_0367,entertainment
MAL_0368,business
MAL_0369,business
MAL_0370,entertainment
MAL_0371,sports
MAL_0372,business
MAL_0373,business
MAL_0374,sports
MAL_0375,sports
MAL_0376,sports
MAL_0377,sports
MAL_0378,business
MAL_0379,business
MAL_0380,business
MAL_0381,business
MAL_0382,business
MAL_0383,entertainment
MAL_0384,entertainment
MAL_0385,business
MAL_0386,business
MAL_0387,sports
MAL_0388,sports
MAL_0389,sports
MAL_0390,sports
MAL_0391,business
MAL_0392,entertainment
MAL_0393,entertainment
MAL_0394,sports
MAL_0395,business
MAL_0396,entertainment
MAL_0397,business
MAL_0398,business
MAL_0399,sports
MAL_0400,sports
MAL_0401,entertainment
MAL_0402,sports
MAL_0403,business
MAL_0404,entertainment
MAL_0405,business
MAL_0406,sports
MAL_0407,sports
MAL_0408,entertainment
MAL_0409,entertainment
MAL_0410,entertainment
MAL_0411,sports
MAL_0412,entertainment
MAL_0413,sports
MAL_0414,business
MAL_0415,entertainment
MAL_0416,sports
MAL_0417,sports
MAL_0418,entertainment
MAL_0419,business
MAL_0420,entertainment
MAL_0421,sports
MAL_0422,entertainment
MAL_0423,entertainment
MAL_0424,business
MAL_0425,business
MAL_0426,business
MAL_0427,sports
MAL_0428,sports
MAL_0429,entertainment
MAL_0430,entertainment
MAL_0431,sports
MAL_0432,business
MAL_0433,sports
MAL_0434,sports
MAL_0435,business
MAL_0436,entertainment
MAL_0437,business
MAL_0438,business
MAL_0439,business
MAL_0440,entertainment
MAL_0441,business
MAL_0442,sports
MAL_0443,entertainment
MAL_0444,business
MAL_0445,entertainment
MAL_0446,entertainment
MAL_0447,entertainment
MAL_0448,sports
MAL_0449,business
MAL_0450,entertainment
MAL_0451,business
MAL_0452,sports
MAL_0453,entertainment
MAL_0454,entertainment
MAL_0455,sports
MAL_0456,business
MAL_0457,sports
MAL_0458,entertainment
MAL_0459,entertainment
MAL_0460,sports
MAL_0461,entertainment
MAL_0462,business
MAL_0463,sports
MAL_0464,sports
MAL_0465,entertainment
MAL_0466,sports
MAL_0467,business
MAL_0468,entertainment
MAL_0469,entertainment
MAL_0470,entertainment
MAL_0471,business
MAL_0472,sports
MAL_0473,entertainment
MAL_0474,sports
MAL_0475,business
MAL_0476,sports
MAL_0477,business
MAL_0478,entertainment
MAL_0479,entertainment
MAL_0480,entertainment
MAL_0481,entertainment
MAL_0482,sports
MAL_0483,sports
MAL_0484,sports
MAL_0485,sports
MAL_0486,sports
MAL_0487,sports
MAL_0488,sports
MAL_0489,entertainment
MAL_0490,entertainment
MAL_0491,sports
MAL_0492,business
MAL_0493,entertainment
MAL_0494,sports
MAL_0495,business
MAL_0496,entertainment
MAL_0497,entertainment
MAL_0498,sports
MAL_0499,business
MAL_0500,business
MAL_0501,entertainment
MAL_0502,sports
MAL_0503,entertainment
MAL_0504,business
MAL_0505,entertainment
MAL_0506,entertainment
MAL_0507,business
MAL_0508,business
MAL_0509,sports
MAL_0510,entertainment
MAL_0511,sports
MAL_0512,business
MAL_0513,sports
MAL_0514,entertainment
MAL_0515,business
MAL_0516,business
MAL_0517,business
MAL_0518,sports
MAL_0519,sports
MAL_0520,entertainment
MAL_0521,business
MAL_0522,business
MAL_0523,sports
MAL_0524,business
MAL_0525,entertainment
MAL_0526,sports
MAL_0527,business
MAL_0528,sports
MAL_0529,sports
MAL_0530,entertainment
MAL_0531,sports
MAL_0532,entertainment
MAL_0533,business
MAL_0534,entertainment
MAL_0535,entertainment
MAL_0536,business
MAL_0537,business
MAL_0538,entertainment
MAL_0539,sports
MAL_0540,sports
MAL_0541,business
MAL_0542,entertainment
MAL_0543,entertainment
MAL_0544,entertainment
MAL_0545,entertainment
MAL_0546,entertainment
MAL_0547,sports
MAL_0548,sports
MAL_0549,entertainment
MAL_0550,entertainment
MAL_0551,business
MAL_0552,sports
MAL_0553,sports
MAL_0554,sports
MAL_0555,sports
MAL_0556,sports
MAL_0557,business
MAL_0558,business
MAL_0559,business
MAL_0560,entertainment
MAL_0561,business
MAL_0562,business
MAL_0563,sports
MAL_0564,business
MAL_0565,entertainment
MAL_0566,business
MAL_0567,business
MAL_0568,business
MAL_0569,sports
MAL_0570,entertainment
MAL_0571,business
MAL_0572,entertainment
MAL_0573,business
MAL_0574,entertainment
MAL_0575,sports
MAL_0576,sports
MAL_0577,business
MAL_0578,sports
MAL_0579,sports
MAL_0580,entertainment
MAL_0581,business
MAL_0582,sports
MAL_0583,business
MAL_0584,business
MAL_0585,business
MAL_0586,entertainment
MAL_0587,sports
MAL_0588,entertainment
MAL_0589,sports
MAL_0590,sports
MAL_0591,sports
MAL_0592,entertainment
MAL_0593,sports
MAL_0594,sports
MAL_0595,sports
MAL_0596,entertainment
MAL_0597,entertainment
MAL_0598,business
MAL_0599,entertainment
MAL_0600,entertainment
MAL_0601,business
MAL_0602,entertainment
MAL_0603,sports
MAL_0604,sports
MAL_0605,entertainment
MAL_0606,entertainment
MAL_0607,business
MAL_0608,business
MAL_0609,business
MAL_0610,entertainment
MAL_0611,sports
MAL_0612,sports
MAL_0613,sports
MAL_0614,business
MAL_0615,business
MAL_0616,business
MAL_0617,business
MAL_0618,business
MAL_0619,sports
MAL_0620,sports
MAL_0621,business
MAL_0622,entertainment
MAL_0623,entertainment
MAL_0624,sports
MAL_0625,entertainment
MAL_0626,sports
MAL_0627,entertainment
MAL_0628,entertainment
MAL_0629,sports
MAL_0630,entertainment
MAL_0631,entertainment
MAL_0632,sports
MAL_0633,entertainment
MAL_0634,business
MAL_0635,business
MAL_0636,sports
MAL_0637,entertainment
MAL_0638,entertainment
MAL_0639,sports
MAL_0640,sports
MAL_0641,business
MAL_0642,sports
MAL_0643,business
MAL_0644,entertainment
MAL_0645,sports
MAL_0646,entertainment
MAL_0647,entertainment
MAL_0648,business
MAL_0649,business
MAL_0650,entertainment
MAL_0651,sports
MAL_0652,entertainment
MAL_0653,business
MAL_0654,business
MAL_0655,entertainment
MAL_0656,business
MAL_0657,sports
MAL_0658,sports
MAL_0659,entertainment
MAL_0660,entertainment
MAL_0661,business
MAL_0662,entertainment
MAL_0663,sports
MAL_0664,sports
MAL_0665,business
MAL_0666,sports
MAL_0667,entertainment
MAL_0668,entertainment
MAL_0669,business
MAL_0670,business
MAL_0671,entertainment
MAL_0672,sports
MAL_0673,sports
MAL_0674,entertainment
MAL_0675,business
MAL_0676,entertainment
MAL_0677,sports
MAL_0678,entertainment
MAL_0679,business
MAL_0680,sports
MAL_0681,business
MAL_0682,sports
MAL_0683,entertainment
MAL_0684,entertainment
MAL_0685,entertainment
MAL_0686,business
MAL_0687,entertainment
MAL_0688,entertainment
MAL_0689,entertainment
MAL_0690,business
MAL_0691,business
MAL_0692,entertainment
MAL_0693,sports
MAL_0694,business
MAL_0695,business
MAL_0696,business
MAL_0697,sports
MAL_0698,entertainment
MAL_0699,sports
MAL_0700,sports
MAL_0701,entertainment
MAL_0702,entertainment
MAL_0703,entertainment
MAL_0704,entertainment
MAL_0705,business
MAL_0706,entertainment
MAL_0707,entertainment
MAL_0708,entertainment
MAL_0709,business
MAL_0710,business
MAL_0711,sports
MAL_0712,business
MAL_0713,sports
MAL_0714,business
MAL_0715,sports
MAL_0716,entertainment
MAL_0717,entertainment
MAL_0718,business
MAL_0719,sports
MAL_0720,entertainment
MAL_0721,sports
MAL_0722,sports
MAL_0723,sports
MAL_0724,business
MAL_0725,entertainment
MAL_0726,sports
MAL_0727,business
MAL_0728,sports
MAL_0729,entertainment
MAL_0730,entertainment
MAL_0731,business
MAL_0732,sports
MAL_0733,business
MAL_0734,entertainment
MAL_0735,sports
MAL_0736,sports
MAL_0737,entertainment
MAL_0738,entertainment
MAL_0739,business
MAL_0740,sports
MAL_0741,business
MAL_0742,business
MAL_0743,sports
MAL_0744,sports
MAL_0745,entertainment
MAL_0746,sports
MAL_0747,entertainment
MAL_0748,entertainment
MAL_0749,sports
MAL_0750,sports
MAL_0751,business
MAL_0752,sports
MAL_0753,entertainment
MAL_0754,business
MAL_0755,sports
MAL_0756,entertainment
MAL_0757,business
MAL_0758,entertainment
MAL_0759,entertainment
MAL_0760,business
MAL_0761,entertainment
MAL_0762,entertainment
MAL_0763,business
MAL_0764,sports
MAL_0765,entertainment
MAL_0766,sports
MAL_0767,sports
MAL_0768,business
MAL_0769,sports
MAL_0770,sports
MAL_0771,sports
MAL_0772,entertainment
MAL_0773,business
MAL_0774,sports
MAL_0775,entertainment
MAL_0776,business
MAL_0777,entertainment
MAL_0778,business
MAL_0779,sports
MAL_0780,business
MAL_0781,business
MAL_0782,entertainment
MAL_0783,entertainment
MAL_0784,sports
MAL_0785,business
MAL_0786,entertainment
MAL_0787,sports
MAL_0788,business
MAL_0789,sports
MAL_0790,entertainment
MAL_0791,entertainment
MAL_0792,entertainment
MAL_0793,entertainment
MAL_0794,entertainment
MAL_0795,sports
MAL_0796,entertainment
MAL_0797,entertainment
MAL_0798,sports
MAL_0799,sports
MAL_0800,sports
MAL_0801,sports
MAL_0802,entertainment
MAL_0803,sports
MAL_0804,entertainment
MAL_0805,entertainment
MAL_0806,business
MAL_0807,sports
MAL_0808,business
MAL_0809,business
MAL_0810,sports
MAL_0811,entertainment
MAL_0812,entertainment
MAL_0813,business
MAL_0814,sports
MAL_0815,entertainment
MAL_0816,business
MAL_0817,sports
MAL_0818,sports
MAL_0819,business
MAL_0820,sports
MAL_0821,entertainment
MAL_0822,business
MAL_0823,business
MAL_0824,entertainment
MAL_0825,business
MAL_0826,entertainment
MAL_0827,entertainment
MAL_0828,sports
MAL_0829,business
MAL_0830,sports
MAL_0831,entertainment
MAL_0832,sports
MAL_0833,entertainment
MAL_0834,sports
MAL_0835,sports
MAL_0836,sports
MAL_0837,entertainment
MAL_0838,business
MAL_0839,sports
MAL_0840,sports
MAL_0841,business
MAL_0842,sports
MAL_0843,sports
MAL_0844,entertainment
MAL_0845,business
MAL_0846,business
MAL_0847,sports
MAL_0848,sports
MAL_0849,entertainment
MAL_0850,entertainment
MAL_0851,sports
MAL_0852,sports
MAL_0853,business
MAL_0854,business
MAL_0855,entertainment
MAL_0856,sports
MAL_0857,business
MAL_0858,business
MAL_0859,entertainment
MAL_0860,sports
MAL_0861,sports
MAL_0862,business
MAL_0863,entertainment
MAL_0864,sports
MAL_0865,entertainment
MAL_0866,sports
MAL_0867,sports
MAL_0868,entertainment
MAL_0869,sports
MAL_0870,entertainment
MAL_0871,sports
MAL_0872,sports
MAL_0873,business
MAL_0874,sports
MAL_0875,entertainment
MAL_0876,entertainment
MAL_0877,business
MAL_0878,sports
MAL_0879,business
MAL_0880,business
MAL_0881,sports
MAL_0882,business
MAL_0883,sports
MAL_0884,sports
MAL_0885,entertainment
MAL_0886,entertainment
MAL_0887,business
MAL_0888,sports
MAL_0889,business
MAL_0890,business
MAL_0891,sports
MAL_0892,sports
MAL_0893,business
MAL_0894,sports
MAL_0895,business
MAL_0896,entertainment
MAL_0897,business
MAL_0898,sports
MAL_0899,sports
MAL_0900,entertainment
MAL_0901,business
MAL_0902,entertainment
MAL_0903,entertainment
MAL_0904,entertainment
MAL_0905,entertainment
MAL_0906,business
MAL_0907,sports
MAL_0908,entertainment
MAL_0909,entertainment
MAL_0910,entertainment
MAL_0911,sports
MAL_0912,business
MAL_0913,entertainment
MAL_0914,entertainment
MAL_0915,entertainment
MAL_0916,sports
MAL_0917,entertainment
MAL_0918,entertainment
MAL_0919,entertainment
MAL_0920,sports
MAL_0921,entertainment
MAL_0922,entertainment
MAL_0923,entertainment
MAL_0924,sports
MAL_0925,business
MAL_0926,sports
MAL_0927,sports
MAL_0928,entertainment
MAL_0929,business
MAL_0930,entertainment
MAL_0931,entertainment
MAL_0932,entertainment
MAL_0933,business
MAL_0934,entertainment
MAL_0935,sports
MAL_0936,sports
MAL_0937,sports
MAL_0938,sports
MAL_0939,entertainment
MAL_0940,sports
MAL_0941,business
MAL_0942,sports
MAL_0943,sports
MAL_0944,business
MAL_0945,sports
MAL_0946,sports
MAL_0947,entertainment
MAL_0948,business
MAL_0949,business
MAL_0950,sports
MAL_0951,sports
MAL_0952,sports
MAL_0953,business
MAL_0954,entertainment
MAL_0955,entertainment
MAL_0956,sports
MAL_0957,entertainment
MAL_0958,entertainment
MAL_0959,business
MAL_0960,entertainment
MAL_0961,entertainment
MAL_0962,entertainment
MAL_0963,entertainment
MAL_0964,business
MAL_0965,sports
MAL_0966,sports
MAL_0967,sports
MAL_0968,sports
MAL_0969,sports
MAL_0970,entertainment
MAL_0971,business
MAL_0972,entertainment
MAL_0973,sports
MAL_0974,sports
MAL_0975,business
MAL_0976,entertainment
MAL_0977,sports
MAL_0978,sports
MAL_0979,entertainment
MAL_0980,entertainment
MAL_0981,business
MAL_0982,entertainment
MAL_0983,sports
MAL_0984,business
MAL_0985,business
MAL_0986,business
MAL_0987,sports
MAL_0988,sports
MAL_0989,sports
MAL_0990,sports
MAL_0991,business
MAL_0992,entertainment
MAL_0993,business
MAL_0994,business
MAL_0995,sports
MAL_0996,sports
MAL_0997,business
MAL_0998,business
MAL_0999,entertainment
MAL_1000,business
MAL_1001,entertainment
MAL_1002,business
MAL_1003,entertainment
MAL_1004,sports
MAL_1005,sports
MAL_1006,sports
MAL_1007,business
MAL_1008,entertainment
MAL_1009,entertainment
MAL_1010,entertainment
MAL_1011,sports
MAL_1012,entertainment
MAL_1013,business
MAL_1014,entertainment
MAL_1015,sports
MAL_1016,business
MAL_1017,entertainment
MAL_1018,business
MAL_1019,business
MAL_1020,sports
MAL_1021,entertainment
MAL_1022,sports
MAL_1023,sports
MAL_1024,business
MAL_1025,business
MAL_1026,business
MAL_1027,entertainment
MAL_1028,sports
MAL_1029,business
MAL_1030,business
MAL_1031,sports
MAL_1032,sports
MAL_1033,sports
MAL_1034,entertainment
MAL_1035,sports
MAL_1036,business
MAL_1037,entertainment
MAL_1038,sports
MAL_1039,sports
MAL_1040,sports
MAL_1041,entertainment
MAL_1042,sports
MAL_1043,business
MAL_1044,business
MAL_1045,entertainment
MAL_1046,business
MAL_1047,business
MAL_1048,entertainment
MAL_1049,sports
MAL_1050,sports
MAL_1051,business
MAL_1052,sports
MAL_1053,business
MAL_1054,entertainment
MAL_1055,entertainment
MAL_1056,entertainment
MAL_1057,business
MAL_1058,sports
MAL_1059,sports
MAL_1060,business
MAL_1061,business
MAL_1062,entertainment
MAL_1063,sports
MAL_1064,entertainment
MAL_1065,sports
MAL_1066,business
MAL_1067,entertainment
MAL_1068,business
MAL_1069,business
MAL_1070,entertainment
MAL_1071,sports
MAL_1072,sports
MAL_1073,business
MAL_1074,entertainment
MAL_1075,sports
MAL_1076,entertainment
MAL_1077,sports
MAL_1078,sports
MAL_1079,entertainment
MAL_1080,entertainment
MAL_1081,business
MAL_1082,entertainment
MAL_1083,sports
MAL_1084,entertainment
MAL_1085,entertainment
MAL_1086,entertainment
MAL_1087,sports
MAL_1088,entertainment
MAL_1089,business
MAL_1090,business
MAL_1091,entertainment
MAL_1092,entertainment
MAL_1093,entertainment
MAL_1094,business
MAL_1095,business
MAL_1096,sports
MAL_1097,sports
MAL_1098,entertainment
MAL_1099,sports
MAL_1100,sports
MAL_1101,entertainment
MAL_1102,business
MAL_1103,sports
MAL_1104,business
MAL_1105,business
MAL_1106,sports
MAL_1107,sports
MAL_1108,sports
MAL_1109,business
MAL_1110,sports
MAL_1111,sports
MAL_1112,sports
MAL_1113,sports
MAL_1114,sports
MAL_1115,business
MAL_1116,sports
MAL_1117,sports
MAL_1118,sports
MAL_1119,sports
MAL_1120,entertainment
MAL_1121,entertainment
MAL_1122,entertainment
MAL_1123,business
MAL_1124,business
MAL_1125,business
MAL_1126,business
MAL_1127,entertainment
MAL_1128,sports
MAL_1129,entertainment
MAL_1130,business
MAL_1131,business
MAL_1132,business
MAL_1133,business
MAL_1134,business
MAL_1135,entertainment
MAL_1136,business
MAL_1137,business
MAL_1138,entertainment
MAL_1139,sports
MAL_1140,sports
MAL_1141,sports
MAL_1142,sports
MAL_1143,business
MAL_1144,entertainment
MAL_1145,sports
MAL_1146,sports
MAL_1147,business
MAL_1148,business
MAL_1149,entertainment
MAL_1150,business
MAL_1151,sports
MAL_1152,sports
MAL_1153,entertainment
MAL_1154,business
MAL_1155,business
MAL_1156,sports
MAL_1157,business
MAL_1158,business
MAL_1159,sports
MAL_1160,business
MAL_1161,entertainment
MAL_1162,entertainment
MAL_1163,entertainment
MAL_1164,entertainment
MAL_1165,entertainment
MAL_1166,sports
MAL_1167,business
MAL_1168,sports
MAL_1169,entertainment
MAL_1170,business
MAL_1171,entertainment
MAL_1172,sports
MAL_1173,entertainment
MAL_1174,entertainment
MAL_1175,business
MAL_1176,business
MAL_1177,entertainment
MAL_1178,entertainment
MAL_1179,sports
MAL_1180,business
MAL_1181,entertainment
MAL_1182,entertainment
MAL_1183,entertainment
MAL_1184,entertainment
MAL_1185,sports
MAL_1186,business
MAL_1187,sports
MAL_1188,sports
MAL_1189,business
MAL_1190,entertainment
MAL_1191,business
MAL_1192,sports
MAL_1193,sports
MAL_1194,sports
MAL_1195,sports
MAL_1196,sports
MAL_1197,business
MAL_1198,entertainment
MAL_1199,sports
MAL_1200,sports
MAL_1201,business
MAL_1202,sports
MAL_1203,business
MAL_1204,entertainment
MAL_1205,business
MAL_1206,business
MAL_1207,entertainment
MAL_1208,entertainment
MAL_1209,entertainment
MAL_1210,business
MAL_1211,entertainment
MAL_1212,business
MAL_1213,sports
MAL_1214,business
MAL_1215,sports
MAL_1216,sports
MAL_1217,entertainment
MAL_1218,sports
MAL_1219,sports
MAL_1220,sports
MAL_1221,entertainment
MAL_1222,sports
MAL_1223,entertainment
MAL_1224,entertainment
MAL_1225,business
MAL_1226,entertainment
MAL_1227,business
MAL_1228,business
MAL_1229,entertainment
MAL_1230,entertainment
MAL_1231,sports
MAL_1232,business
MAL_1233,sports
MAL_1234,business
MAL_1235,business
MAL_1236,entertainment
MAL_1237,business
MAL_1238,entertainment
MAL_1239,business
MAL_1240,sports
MAL_1241,sports
MAL_1242,sports
MAL_1243,sports
MAL_1244,business
MAL_1245,business
MAL_1246,sports
MAL_1247,business
MAL_1248,sports
MAL_1249,sports
MAL_1250,sports
MAL_1251,business
MAL_1252,sports
MAL_1253,sports
MAL_1254,business
MAL_1255,sports
MAL_1256,entertainment
MAL_1257,entertainment
MAL_1258,sports
MAL_1259,sports
MAL_1260,sports
